<?xml version="1.0" encoding="UTF-8" standalone="no"?><conciertos><concierto><grupo>SONATA ARCTICA</grupo><lugar>Conciertos WiZink Center - Madrid</lugar><fecha>Viernes 04 octubre 2024</fecha><hora>20:00 H.</hora></concierto><concierto><grupo>LOS CHICHOS- HASTA AQUI� HEMOS LLEGADO (2)</grupo><lugar>Conciertos WiZink Center - Madrid</lugar><fecha>Viernes 04 octubre 2024</fecha><hora>20:45 H.</hora></concierto><concierto><grupo>LA PEGATINA - HASTA LUEGO MARI CARMEN</grupo><lugar>Conciertos WiZink Center - Madrid</lugar><fecha>Sabado 05 octubre 2024</fecha><hora>20:30 H.</hora></concierto><concierto><grupo>CEPEDA - CONTRADICCION TOUR</grupo><lugar>Conciertos WiZink Center - Madrid</lugar><fecha>Sabado 05 octubre 2024</fecha><hora>21:00 H.</hora></concierto><concierto><grupo>RAFA ESPINO - 15 ANIVERSARIO</grupo><lugar>Conciertos WiZink Center - Madrid</lugar><fecha>Domingo 06 octubre 2024</fecha><hora>19:00 H.</hora></concierto><concierto><grupo>MELANIE MARTINEZ - THE TRILOGY TOUR</grupo><lugar>Conciertos WiZink Center - Madrid</lugar><fecha>Lunes 07 octubre 2024</fecha><hora>21:00 H.</hora></concierto><concierto><grupo>MEUTE- EMPOR 2024</grupo><lugar>Conciertos WiZink Center - Madrid</lugar><fecha>Miercoles 09 octubre 2024</fecha><hora>21:00 H.</hora></concierto><concierto><grupo>CRUSH- OCTUBRE 2024</grupo><lugar>Conciertos WiZink Center - Madrid</lugar><fecha>Jueves 10 octubre 2024</fecha><hora>19:30 H.</hora></concierto><concierto><grupo>DABUTI- OCTUBRE 2024</grupo><lugar>Conciertos WiZink Center - Madrid</lugar><fecha>Viernes 11 octubre 2024</fecha><hora>18:30 H.</hora></concierto><concierto><grupo>LA CASA AZUL</grupo><lugar>Conciertos WiZink Center - Madrid</lugar><fecha>Viernes 11 octubre 2024</fecha><hora>21:00 H.</hora></concierto><concierto><grupo>RESTAURANTE CON EL NOMBRE MAS LARGO DE LA HISTORIA DE LA HISTORIETA MAS HISTORIA DE LA HISTORIA AMAZING</grupo><lugar>WiZink</lugar><fecha>Viernes 11 octubre 2024</fecha><hora>20:00 H.</hora></concierto></conciertos>